<metadata xml:lang="en"><Esri><CreaDate>20141017</CreaDate><CreaTime>12170900</CreaTime><ArcGISFormat>1.0</ArcGISFormat><ArcGISstyle>FGDC CSDGM Metadata</ArcGISstyle><SyncOnce>FALSE</SyncOnce><DataProperties><lineage><Process Name="Copy Features" ToolSource="c:\program files\arcgis\desktop10.1\ArcToolbox\Toolboxes\Data Management Tools.tbx\CopyFeatures" Date="20141017" Time="121709">CopyFeatures Table1 "C:\Projects\Point Address Work\PointAddressWork.gdb\PointAddress_New" # 0 0 0</Process><Process ToolSource="c:\program files\arcgis\desktop10.1\ArcToolbox\Toolboxes\Conversion Tools.tbx\FeatureClassToFeatureClass" Date="20141202" Time="095546">FeatureClassToFeatureClass "C:\Projects\Point Address Work\PointAddressWork.gdb\PointAddress_New" "C:\Projects\Point Address Work" PointAddress_SC.shp # "GIS_DBO_Pa "APNNODASH" true true false 32 Text 0 0 ,First,#,C:\Projects\Point Address Work\PointAddressWork.gdb\PointAddress_New,GIS_DBO_ParcelInfo_APNNODASH,-1,-1;GIS_DBO__1 "APNSTATUS" true true false 1 Text 0 0 ,First,#,C:\Projects\Point Address Work\PointAddressWork.gdb\PointAddress_New,GIS_DBO_ParcelInfo_APNSTATUS,-1,-1;GIS_DBO__2 "SITNUMBER" true true false 4 Long 0 0 ,First,#,C:\Projects\Point Address Work\PointAddressWork.gdb\PointAddress_New,GIS_DBO_ParcelInfo_SITNUMBER,-1,-1;GIS_DBO__3 "SITSTREET" true true false 64 Text 0 0 ,First,#,C:\Projects\Point Address Work\PointAddressWork.gdb\PointAddress_New,GIS_DBO_ParcelInfo_SITSTREET,-1,-1;GIS_DBO__4 "SITUNIT" true true false 8 Text 0 0 ,First,#,C:\Projects\Point Address Work\PointAddressWork.gdb\PointAddress_New,GIS_DBO_ParcelInfo_SITUNIT,-1,-1;GIS_DBO__5 "SITCITY" true true false 32 Text 0 0 ,First,#,C:\Projects\Point Address Work\PointAddressWork.gdb\PointAddress_New,GIS_DBO_ParcelInfo_SITCITY,-1,-1;GIS_DBO__6 "SITZIP" true true false 16 Text 0 0 ,First,#,C:\Projects\Point Address Work\PointAddressWork.gdb\PointAddress_New,GIS_DBO_ParcelInfo_SITZIP,-1,-1;POINT_X "POINT_X" true true false 8 Double 0 0 ,First,#,C:\Projects\Point Address Work\PointAddressWork.gdb\PointAddress_New,POINT_X,-1,-1;POINT_Y "POINT_Y" true true false 8 Double 0 0 ,First,#,C:\Projects\Point Address Work\PointAddressWork.gdb\PointAddress_New,POINT_Y,-1,-1" #</Process></lineage><itemProps><itemName Sync="TRUE">PointAddress_SC</itemName><imsContentType Sync="TRUE">002</imsContentType><itemSize Sync="TRUE">0.000</itemSize><itemLocation><linkage Sync="TRUE">file://\\ISDWS94479\C$\Projects\Point Address Work\PointAddress_SC.shp</linkage><protocol Sync="TRUE">Local Area Network</protocol></itemLocation></itemProps><coordRef><type Sync="TRUE">Projected</type><geogcsn Sync="TRUE">GCS_North_American_1983</geogcsn><csUnits Sync="TRUE">Linear Unit: Foot_US (0.304801)</csUnits><projcsn Sync="TRUE">NAD_1983_StatePlane_California_III_FIPS_0403_Feet</projcsn><peXml Sync="TRUE">&lt;ProjectedCoordinateSystem xsi:type='typens:ProjectedCoordinateSystem' xmlns:xsi='http://www.w3.org/2001/XMLSchema-instance' xmlns:xs='http://www.w3.org/2001/XMLSchema' xmlns:typens='http://www.esri.com/schemas/ArcGIS/10.1'&gt;&lt;WKT&gt;PROJCS[&amp;quot;NAD_1983_StatePlane_California_III_FIPS_0403_Feet&amp;quot;,GEOGCS[&amp;quot;GCS_North_American_1983&amp;quot;,DATUM[&amp;quot;D_North_American_1983&amp;quot;,SPHEROID[&amp;quot;GRS_1980&amp;quot;,6378137.0,298.257222101]],PRIMEM[&amp;quot;Greenwich&amp;quot;,0.0],UNIT[&amp;quot;Degree&amp;quot;,0.0174532925199433]],PROJECTION[&amp;quot;Lambert_Conformal_Conic&amp;quot;],PARAMETER[&amp;quot;False_Easting&amp;quot;,6561666.666666666],PARAMETER[&amp;quot;False_Northing&amp;quot;,1640416.666666667],PARAMETER[&amp;quot;Central_Meridian&amp;quot;,-120.5],PARAMETER[&amp;quot;Standard_Parallel_1&amp;quot;,37.06666666666667],PARAMETER[&amp;quot;Standard_Parallel_2&amp;quot;,38.43333333333333],PARAMETER[&amp;quot;Latitude_Of_Origin&amp;quot;,36.5],UNIT[&amp;quot;Foot_US&amp;quot;,0.3048006096012192],AUTHORITY[&amp;quot;EPSG&amp;quot;,2227]]&lt;/WKT&gt;&lt;XOrigin&gt;-115860600&lt;/XOrigin&gt;&lt;YOrigin&gt;-93269500&lt;/YOrigin&gt;&lt;XYScale&gt;36787427.345686711&lt;/XYScale&gt;&lt;ZOrigin&gt;-100000&lt;/ZOrigin&gt;&lt;ZScale&gt;10000&lt;/ZScale&gt;&lt;MOrigin&gt;-100000&lt;/MOrigin&gt;&lt;MScale&gt;10000&lt;/MScale&gt;&lt;XYTolerance&gt;0.0032808333333333331&lt;/XYTolerance&gt;&lt;ZTolerance&gt;0.001&lt;/ZTolerance&gt;&lt;MTolerance&gt;0.001&lt;/MTolerance&gt;&lt;HighPrecision&gt;true&lt;/HighPrecision&gt;&lt;WKID&gt;102643&lt;/WKID&gt;&lt;LatestWKID&gt;2227&lt;/LatestWKID&gt;&lt;/ProjectedCoordinateSystem&gt;</peXml></coordRef></DataProperties><SyncDate>20141202</SyncDate><SyncTime>09551100</SyncTime><ModDate>20141202</ModDate><ModTime>09551100</ModTime></Esri><dataIdInfo><envirDesc Sync="TRUE">Microsoft Windows 7 Version 6.1 (Build 7601) Service Pack 1; Esri ArcGIS 10.1.1.3143</envirDesc><dataLang><languageCode value="eng" Sync="TRUE"></languageCode><countryCode value="USA" Sync="TRUE"></countryCode></dataLang><idCitation><resTitle Sync="TRUE">PointAddress_SC</resTitle><presForm><PresFormCd value="005" Sync="TRUE"></PresFormCd></presForm></idCitation><spatRpType><SpatRepTypCd value="001" Sync="TRUE"></SpatRepTypCd></spatRpType></dataIdInfo><mdLang><languageCode value="eng" Sync="TRUE"></languageCode><countryCode value="USA" Sync="TRUE"></countryCode></mdLang><distInfo><distFormat><formatName Sync="TRUE">Shapefile</formatName></distFormat><distTranOps><transSize Sync="TRUE">0.000</transSize></distTranOps></distInfo><mdHrLv><ScopeCd value="005" Sync="TRUE"></ScopeCd></mdHrLv><mdHrLvName Sync="TRUE">dataset</mdHrLvName><refSysInfo><RefSystem><refSysID><identCode code="2227" Sync="TRUE"></identCode><idCodeSpace Sync="TRUE">EPSG</idCodeSpace><idVersion Sync="TRUE">7.11.2</idVersion></refSysID></RefSystem></refSysInfo><spatRepInfo><VectSpatRep><geometObjs Name="PointAddress_SC"><geoObjTyp><GeoObjTypCd value="004" Sync="TRUE"></GeoObjTypCd></geoObjTyp><geoObjCnt Sync="TRUE">0</geoObjCnt></geometObjs><topLvl><TopoLevCd value="001" Sync="TRUE"></TopoLevCd></topLvl></VectSpatRep></spatRepInfo><spdoinfo><ptvctinf><esriterm Name="PointAddress_SC"><efeatyp Sync="TRUE">Simple</efeatyp><efeageom code="1" Sync="TRUE"></efeageom><esritopo Sync="TRUE">FALSE</esritopo><efeacnt Sync="TRUE">0</efeacnt><spindex Sync="TRUE">FALSE</spindex><linrefer Sync="TRUE">FALSE</linrefer></esriterm></ptvctinf></spdoinfo><eainfo><detailed Name="PointAddress_SC"><enttyp><enttypl Sync="TRUE">PointAddress_SC</enttypl><enttypt Sync="TRUE">Feature Class</enttypt><enttypc Sync="TRUE">0</enttypc></enttyp><attr><attrlabl Sync="TRUE">FID</attrlabl><attalias Sync="TRUE">FID</attalias><attrtype Sync="TRUE">OID</attrtype><attwidth Sync="TRUE">4</attwidth><atprecis Sync="TRUE">0</atprecis><attscale Sync="TRUE">0</attscale><attrdef Sync="TRUE">Internal feature number.</attrdef><attrdefs Sync="TRUE">Esri</attrdefs><attrdomv><udom Sync="TRUE">Sequential unique whole numbers that are automatically generated.</udom></attrdomv></attr><attr><attrlabl Sync="TRUE">Shape</attrlabl><attalias Sync="TRUE">Shape</attalias><attrtype Sync="TRUE">Geometry</attrtype><attwidth Sync="TRUE">0</attwidth><atprecis Sync="TRUE">0</atprecis><attscale Sync="TRUE">0</attscale><attrdef Sync="TRUE">Feature geometry.</attrdef><attrdefs Sync="TRUE">Esri</attrdefs><attrdomv><udom Sync="TRUE">Coordinates defining the features.</udom></attrdomv></attr><attr><attrlabl Sync="TRUE">GIS_DBO_Pa</attrlabl><attalias Sync="TRUE">GIS_DBO_Pa</attalias><attrtype Sync="TRUE">String</attrtype><attwidth Sync="TRUE">32</attwidth><atprecis Sync="TRUE">0</atprecis><attscale Sync="TRUE">0</attscale></attr><attr><attrlabl Sync="TRUE">GIS_DBO__1</attrlabl><attalias Sync="TRUE">GIS_DBO__1</attalias><attrtype Sync="TRUE">String</attrtype><attwidth Sync="TRUE">1</attwidth><atprecis Sync="TRUE">0</atprecis><attscale Sync="TRUE">0</attscale></attr><attr><attrlabl Sync="TRUE">GIS_DBO__2</attrlabl><attalias Sync="TRUE">GIS_DBO__2</attalias><attrtype Sync="TRUE">Integer</attrtype><attwidth Sync="TRUE">9</attwidth><atprecis Sync="TRUE">9</atprecis><attscale Sync="TRUE">0</attscale></attr><attr><attrlabl Sync="TRUE">GIS_DBO__3</attrlabl><attalias Sync="TRUE">GIS_DBO__3</attalias><attrtype Sync="TRUE">String</attrtype><attwidth Sync="TRUE">64</attwidth><atprecis Sync="TRUE">0</atprecis><attscale Sync="TRUE">0</attscale></attr><attr><attrlabl Sync="TRUE">GIS_DBO__4</attrlabl><attalias Sync="TRUE">GIS_DBO__4</attalias><attrtype Sync="TRUE">String</attrtype><attwidth Sync="TRUE">8</attwidth><atprecis Sync="TRUE">0</atprecis><attscale Sync="TRUE">0</attscale></attr><attr><attrlabl Sync="TRUE">GIS_DBO__5</attrlabl><attalias Sync="TRUE">GIS_DBO__5</attalias><attrtype Sync="TRUE">String</attrtype><attwidth Sync="TRUE">32</attwidth><atprecis Sync="TRUE">0</atprecis><attscale Sync="TRUE">0</attscale></attr><attr><attrlabl Sync="TRUE">GIS_DBO__6</attrlabl><attalias Sync="TRUE">GIS_DBO__6</attalias><attrtype Sync="TRUE">String</attrtype><attwidth Sync="TRUE">16</attwidth><atprecis Sync="TRUE">0</atprecis><attscale Sync="TRUE">0</attscale></attr><attr><attrlabl Sync="TRUE">POINT_X</attrlabl><attalias Sync="TRUE">POINT_X</attalias><attrtype Sync="TRUE">Double</attrtype><attwidth Sync="TRUE">19</attwidth><atprecis Sync="TRUE">0</atprecis><attscale Sync="TRUE">0</attscale></attr><attr><attrlabl Sync="TRUE">POINT_Y</attrlabl><attalias Sync="TRUE">POINT_Y</attalias><attrtype Sync="TRUE">Double</attrtype><attwidth Sync="TRUE">19</attwidth><atprecis Sync="TRUE">0</atprecis><attscale Sync="TRUE">0</attscale></attr></detailed></eainfo><mdDateSt Sync="TRUE">20141202</mdDateSt></metadata>
